{
  "nose": {
    "x": 511,
    "y": 166,
    "z": -0.6611866354942322,
    "visibility": 0.9999992847442627
  },
  "L_eye_inner": {
    "x": 528,
    "y": 143,
    "z": -0.6360284686088562,
    "visibility": 0.9999973773956299
  },
  "L_eye": {
    "x": 542,
    "y": 144,
    "z": -0.6365535855293274,
    "visibility": 0.9999971389770508
  },
  "L_eye_outer": {
    "x": 555,
    "y": 145,
    "z": -0.6363548636436462,
    "visibility": 0.9999969005584717
  },
  "R_eye_inner": {
    "x": 488,
    "y": 138,
    "z": -0.6365257501602173,
    "visibility": 0.9999983310699463
  },
  "R_eye": {
    "x": 478,
    "y": 138,
    "z": -0.6372931003570557,
    "visibility": 0.9999985694885254
  },
  "R_eye_outer": {
    "x": 469,
    "y": 139,
    "z": -0.6375731229782104,
    "visibility": 0.9999984502792358
  },
  "L_ear": {
    "x": 572,
    "y": 152,
    "z": -0.4281180500984192,
    "visibility": 0.9999953508377075
  },
  "R_ear": {
    "x": 460,
    "y": 148,
    "z": -0.43021729588508606,
    "visibility": 0.9999947547912598
  },
  "mouth_L": {
    "x": 532,
    "y": 196,
    "z": -0.5727981328964233,
    "visibility": 0.9999727010726929
  },
  "mouth_R": {
    "x": 488,
    "y": 195,
    "z": -0.5771821737289429,
    "visibility": 0.9999762773513794
  },
  "L_shoulder": {
    "x": 602,
    "y": 218,
    "z": -0.25161364674568176,
    "visibility": 0.9999704360961914
  },
  "R_shoulder": {
    "x": 427,
    "y": 212,
    "z": -0.25501224398612976,
    "visibility": 0.9999583959579468
  },
  "L_elbow": {
    "x": 707,
    "y": 292,
    "z": -0.2121325582265854,
    "visibility": 0.9809209108352661
  },
  "R_elbow": {
    "x": 324,
    "y": 285,
    "z": -0.15892916917800903,
    "visibility": 0.9773349761962891
  },
  "L_wrist": {
    "x": 859,
    "y": 291,
    "z": -0.2680550217628479,
    "visibility": 0.9770961403846741
  },
  "R_wrist": {
    "x": 170,
    "y": 296,
    "z": -0.14954642951488495,
    "visibility": 0.9786665439605713
  },
  "L_pinky": {
    "x": 902,
    "y": 296,
    "z": -0.2656923830509186,
    "visibility": 0.9503929018974304
  },
  "R_pinky": {
    "x": 123,
    "y": 298,
    "z": -0.14731894433498383,
    "visibility": 0.9449807405471802
  },
  "L_index": {
    "x": 910,
    "y": 294,
    "z": -0.33410871028900146,
    "visibility": 0.9619867205619812
  },
  "R_index": {
    "x": 116,
    "y": 296,
    "z": -0.21055001020431519,
    "visibility": 0.9550178050994873
  },
  "L_thumb": {
    "x": 895,
    "y": 297,
    "z": -0.29839959740638733,
    "visibility": 0.9666332602500916
  },
  "R_thumb": {
    "x": 131,
    "y": 299,
    "z": -0.18022486567497253,
    "visibility": 0.9626489877700806
  },
  "L_hip": {
    "x": 562,
    "y": 510,
    "z": 0.01490965485572815,
    "visibility": 0.9999406337738037
  },
  "R_hip": {
    "x": 453,
    "y": 509,
    "z": -0.015450099483132362,
    "visibility": 0.9999445676803589
  },
  "L_knee": {
    "x": 572,
    "y": 734,
    "z": 0.06915430724620819,
    "visibility": 0.9217610359191895
  },
  "R_knee": {
    "x": 451,
    "y": 734,
    "z": -0.04804162681102753,
    "visibility": 0.9399115443229675
  },
  "L_ankle": {
    "x": 580,
    "y": 931,
    "z": 0.17637836933135986,
    "visibility": 0.9585913419723511
  },
  "R_ankle": {
    "x": 452,
    "y": 932,
    "z": 0.10481401532888412,
    "visibility": 0.9552143216133118
  },
  "L_heel": {
    "x": 572,
    "y": 950,
    "z": 0.17346735298633575,
    "visibility": 0.8711552023887634
  },
  "R_heel": {
    "x": 455,
    "y": 953,
    "z": 0.11077909916639328,
    "visibility": 0.7871263027191162
  },
  "L_foot_idx": {
    "x": 582,
    "y": 1012,
    "z": -0.0333089604973793,
    "visibility": 0.9700522422790527
  },
  "R_foot_idx": {
    "x": 447,
    "y": 1007,
    "z": -0.09466789662837982,
    "visibility": 0.9548712372779846
  },
  "_neck": {
    "x": 514,
    "y": 215
  },
  "_pelvis": {
    "x": 507,
    "y": 509
  },
  "_spine_mid": {
    "x": 510,
    "y": 362
  }
}